NumPoints,SingleThreadedTime(ms),SingleThreadedPi,MultiThreadedTime(ms),MultiThreadedPi
100000,2,3.139480,74,3.142160
500000,8,3.140464,139,3.143248
1000000,17,3.141452,403,3.143680
5000000,79,3.141624,2951,3.141330
10000000,160,3.140869,4116,3.141998
20000000,322,3.141745,10100,3.141064
30000000,508,3.141791,13765,3.142075
40000000,643,3.141751,17341,3.141287
50000000,788,3.141638,37405,3.141303
